{
  "worldSize": {
    "width": 3000,
    "height": 3000
  },
  "obstacles": [
    {
      "id": "obs-long-corner",
      "type": "obstacle_wall",
      "x": 840,
      "y": 585,
      "width": 1070,
      "height": 630,
      "rotation": 0,
      "className": "obs-long-corner",
      "borderRadius": 0,
      "colliders": [
        {
          "type": "rect",
          "x": 382.94736842105266,
          "y": 84.47727272727273,
          "w": 123.89473684210526,
          "h": 289.22727272727275,
          "angle": 0
        }
      ]
    }
  ],
  "playerSpawns": [
    {
      "x": 500,
      "y": 500
    }
  ],
  "enemySpawns": [
    {
      "x": 1500,
      "y": 1500
    }
  ]
}