{
  "worldSize": {
    "width": 3000,
    "height": 3000
  },
  "obstacles": [
    {
      "id": "obs-long-corner",
      "type": "obstacle_wall",
      "x": 840,
      "y": 775,
      "width": 1100,
      "height": 810,
      "rotation": 15,
      "className": "obs-long-corner",
      "borderRadius": 0,
      "colliders": [
        {
          "type": "rect",
          "x": 11.748028989014092,
          "y": 102.25204015042895,
          "w": 986.5625,
          "h": 368.1818181818182,
          "angle": 15
        },
        {
          "type": "rect",
          "x": -478.1106142449868,
          "y": 64.38142956428256,
          "w": 99.6875,
          "h": 147.27272727272725,
          "angle": 60
        },
        {
          "type": "rect",
          "x": -336.4964965856242,
          "y": -132.09264982262837,
          "w": 340.3125,
          "h": 474.95454545454544,
          "angle": 15
        }
      ]
    }
  ],
  "playerSpawns": [
    {
      "x": 500,
      "y": 500
    }
  ],
  "enemySpawns": [
    {
      "x": 1500,
      "y": 1500
    }
  ]
}