{
  "worldSize": {
    "width": 3000,
    "height": 3000
  },
  "obstacles": [
    {
      "id": "obs-long-corner",
      "type": "obstacle_wall",
      "x": 790,
      "y": 1325,
      "width": 1320,
      "height": 870,
      "rotation": 0,
      "className": "obs-long-corner",
      "borderRadius": 0,
      "colliders": [
        {
          "type": "rect",
          "x": 45.375,
          "y": 118.63636363636364,
          "w": 1179.75,
          "h": 391.5,
          "angle": 0
        },
        {
          "type": "rect",
          "x": -437.25,
          "y": -27.681818181818183,
          "w": 404.25,
          "h": 502.22727272727275,
          "angle": 0
        },
        {
          "type": "rect",
          "x": -534.1875,
          "y": 213.54545454545456,
          "w": 119.625,
          "h": 158.1818181818182,
          "angle": 45
        }
      ]
    }
  ],
  "playerSpawns": [
    {
      "x": 500,
      "y": 500
    }
  ],
  "enemySpawns": [
    {
      "x": 1500,
      "y": 1500
    }
  ]
}